Ranking_Difference,Attempts_on_Target_per90,Corner_Kicks_per90,Crosses_per90,Ball_Possession_%,Completed_Passes_per90,Completed_Line_Breaks_per90,Defensive_Pressures_per90,Forced_Turnovers_per90,Second_Balls_per90,Saves_per90,Save_percentage,Distance_per_90_recalculated,Zone4_per90
1.2592499256134033,0.42569687962532043,0.00413596723228693,0.27792200446128845,0.3633316159248352,0.11584453284740448,-0.1426953226327896,0.27231520414352417,0.24494466185569763,0.5424612760543823,-0.19740134477615356,1.1041295528411865,-0.11009665578603745,-0.019764583557844162
-1.4468194246292114,-1.272072434425354,-0.021161949262022972,0.10920451581478119,-0.08325763046741486,-0.004864574410021305,0.19211290776729584,-0.3794627785682678,0.2112155258655548,0.0338103249669075,-0.10722494125366211,-0.7860743999481201,-0.29440242052078247,-0.5524815320968628
0.6491692066192627,0.7878932952880859,0.15719649195671082,0.2200494110584259,0.2954234182834625,-0.09640014916658401,-0.12950783967971802,0.31451165676116943,0.3847241699695587,0.11240580677986145,-0.11163625866174698,-0.21290646493434906,-0.11666586250066757,-0.048441529273986816
-1.0711456537246704,-0.0636240541934967,0.11930220574140549,0.34233033657073975,-0.2762696444988251,-0.2175534963607788,0.4024032652378082,-0.6921790838241577,-0.423563688993454,-0.4197392463684082,-0.18101561069488525,-0.38766640424728394,0.7053011655807495,-0.04274067282676697
0.7683264017105103,0.16424144804477692,-0.3014916479587555,-0.4439563453197479,0.6614519953727722,0.0014237575232982635,-0.12843585014343262,-0.04158637300133705,0.567101001739502,-0.4784364700317383,-0.13224488496780396,-0.48202040791511536,0.02411702647805214,0.10606728494167328
-1.2317265272140503,-0.9440356492996216,0.10808880627155304,0.28604915738105774,-0.5099252462387085,-0.01439042016863823,0.14994922280311584,0.10210976004600525,0.6922792792320251,-0.5193957090377808,-0.07766475528478622,0.14166642725467682,-0.008027374744415283,-0.31284451484680176
0.6555950045585632,1.618895173072815,0.003544475184753537,-0.2749723196029663,0.03887500241398811,0.06553817540407181,0.07418060302734375,0.1485625058412552,0.06243906542658806,-1.2057331800460815,0.5106784701347351,-0.353832483291626,0.27296605706214905,0.602340579032898
-1.2494120597839355,-1.1287386417388916,-0.021161949262022972,0.10541471838951111,-0.08365499973297119,-0.04389963299036026,0.17575587332248688,-0.3786424994468689,0.14098624885082245,0.05765370652079582,-0.11269700527191162,-0.8842138648033142,-0.3452695608139038,0.7211251854896545
-1.114281177520752,-1.1084723472595215,0.14652720093727112,-0.3182123899459839,0.8188666105270386,-0.05380937084555626,-0.14222785830497742,0.09112364053726196,-0.11549723893404007,0.08969706296920776,0.145786851644516,-0.722783625125885,0.0245517548173666,0.2722318172454834
1.3462729454040527,-0.7517477869987488,0.18019241094589233,0.3960602283477783,-0.5648285746574402,-0.02993857115507126,-0.12629978358745575,0.2069207727909088,-0.13379238545894623,0.10908196866512299,-0.08788599073886871,1.2784510850906372,0.04268117994070053,0.23791290819644928
-0.8382991552352905,0.040293291211128235,0.12499263137578964,0.3384877145290375,-0.20566901564598083,-0.17518997192382812,0.3678397834300995,-0.7785619497299194,-0.2420227974653244,0.22000163793563843,-0.2015131413936615,0.9148021936416626,0.7683619260787964,0.27687227725982666
0.17730523645877838,0.7786350846290588,-0.07752534002065659,-0.33709716796875,0.2984412908554077,0.25494763255119324,0.12967850267887115,0.32894110679626465,0.4006750285625458,-0.47155553102493286,-0.14365017414093018,-0.19096609950065613,-0.07223310321569443,-0.30552104115486145
-0.3449600636959076,0.7965335249900818,0.16072577238082886,0.34893596172332764,-0.011397911235690117,-0.05380937084555626,-0.2649828791618347,-0.136276513338089,-0.2030094712972641,0.08097956329584122,-0.12486062943935394,-0.5653017163276672,0.038538239896297455,0.026640962809324265
-0.36344337463378906,-0.8980359435081482,-0.08728045225143433,0.29429084062576294,-0.568551778793335,-0.013679848052561283,-0.13446404039859772,-0.004668452776968479,0.9952617287635803,-0.5075299143791199,-0.0950564593076706,0.19571758806705475,0.0899692252278328,0.13925780355930328
-1.4121071100234985,-1.0735044479370117,0.017581764608621597,0.18699058890342712,-0.43517380952835083,0.08596395701169968,0.13940131664276123,-0.3117593228816986,-0.16244778037071228,0.05494679883122444,-0.07578279078006744,0.8079877495765686,-0.5220053791999817,-0.18795835971832275
1.0884575843811035,1.3218867778778076,-0.3201420307159424,-1.479020118713379,0.4038684666156769,-0.006191847380250692,0.3657078742980957,0.2694348692893982,-0.1508910357952118,0.4410182535648346,-0.11687228828668594,-0.4223191440105438,-0.196357861161232,0.0320499986410141
-1.0867969989776611,0.26340100169181824,0.17017370462417603,0.3186888098716736,-0.7683517932891846,-0.029227998107671738,-0.11698891967535019,0.04981531947851181,-0.17696739733219147,0.11063903570175171,0.12479642033576965,1.2560306787490845,0.0034011341631412506,0.17170356214046478
0.33391276001930237,-1.3269368410110474,0.14698728919029236,0.407543420791626,0.6790419220924377,-0.013679848052561283,-0.08492443710565567,0.005853742361068726,0.7462934851646423,0.15841619670391083,-0.0795007199048996,0.3280402421951294,0.014141462743282318,0.03295866772532463
1.681702733039856,1.2340952157974243,-0.09464480727910995,0.27217137813568115,0.20930899679660797,0.2643009126186371,0.06186017021536827,0.16876663267612457,-0.16689592599868774,-0.4335448145866394,0.34427890181541443,-0.1665300875902176,0.4967210292816162,0.13167448341846466
-2.0561563968658447,-0.8631682395935059,0.025856073945760727,0.2773454487323761,-0.3076944649219513,-0.21730437874794006,-0.19391940534114838,-0.7943471074104309,-0.24077101051807404,0.05284591764211655,-0.1659335047006607,-0.4703950881958008,-0.6047145128250122,-0.25061455368995667
1.1114494800567627,1.5233465433120728,0.00947323814034462,-0.32496365904808044,0.3801090717315674,0.12236038595438004,-0.16639521718025208,0.24898236989974976,0.2698526084423065,0.4418012797832489,0.6215846538543701,-0.36678290367126465,-0.21906828880310059,-0.5802476406097412
-1.0451728105545044,-1.1726857423782349,0.00947323814034462,-0.16384483873844147,-0.07338021695613861,-0.004864574410021305,-0.059019528329372406,-0.37433651089668274,0.23310083150863647,0.04705780744552612,-0.31998488306999207,-0.5021518468856812,-0.2328426092863083,-0.6011276245117188
0.5029714107513428,0.8283849358558655,0.15380823612213135,0.4288165867328644,-0.10935194790363312,0.12344660609960556,-0.16856470704078674,0.378048837184906,-0.2511802911758423,0.2776981294155121,0.2608925998210907,-0.26475200057029724,-0.14878632128238678,-0.3056778907775879
-1.090526819229126,-0.8969215750694275,0.06561599671840668,0.2991895079612732,-0.34098759293556213,-0.23016664385795593,-0.17698031663894653,0.3457240164279938,-0.36815327405929565,0.2904810905456543,-0.14195764064788818,-0.5044459700584412,-0.28947728872299194,0.2500021457672119
-1.2997395992279053,-1.0425854921340942,0.005079571157693863,0.18093009293079376,-0.39805853366851807,0.021140914410352707,0.13940131664276123,-0.6665781736373901,-0.046504102647304535,0.033721599727869034,-0.11017383635044098,0.8079877495765686,-0.5017685890197754,-0.18795835971832275
1.1300772428512573,1.3056552410125732,-0.3201420307159424,-1.479020118713379,0.20196577906608582,0.08499307185411453,0.352035254240036,0.2965453863143921,-0.07408346980810165,0.5120332837104797,-0.07878405600786209,-0.37284812331199646,-0.196357861161232,-0.12003292143344879
0.6638332009315491,1.0993876457214355,-0.4470931887626648,-0.7965359687805176,0.48453131318092346,0.020765868946909904,-0.0048699090257287025,-0.1522461622953415,0.0024243025109171867,-0.8269079923629761,0.5833093523979187,0.7181066870689392,0.6479054093360901,-0.4327406585216522
-1.037889838218689,-1.3203259706497192,0.19989843666553497,0.32273706793785095,-0.2908723056316376,0.15011478960514069,0.29444101452827454,-0.22921596467494965,0.0006165886297821999,0.14410248398780823,-0.23305782675743103,1.290500283241272,-0.5087870359420776,-0.5649337768554688
1.3451889753341675,0.2466384619474411,0.17680668830871582,0.43135446310043335,-0.8069945573806763,-0.0882532149553299,-0.12629978358745575,0.23440778255462646,-0.15599875152111053,-0.6145511865615845,-0.11242829263210297,0.26274263858795166,0.02411702647805214,0.12172596156597137
-1.3364204168319702,1.1919207572937012,-0.46143612265586853,0.2723809778690338,-0.8928452730178833,-0.05380937084555626,-0.27240777015686035,0.10526607930660248,-0.2136070877313614,0.13636434078216553,-0.13572226464748383,-0.6890053153038025,0.08841139078140259,0.026640962809324265
0.9033192992210388,0.1289706826210022,-0.04390358179807663,0.28850603103637695,-0.30596989393234253,-0.024292781949043274,0.08513830602169037,0.10931771993637085,-0.2706466019153595,0.41344308853149414,-0.27259406447410583,-0.6419902443885803,-0.3672959506511688,0.39736828207969666
-1.1707412004470825,-1.005965232849121,0.019653627648949623,0.1664152592420578,-0.10224640369415283,-0.08853764086961746,-0.059019528329372406,-0.127867192029953,0.14098624885082245,0.7049159407615662,-0.13251321017742157,-0.42493152618408203,-0.1893291175365448,0.717833936214447
0.8498044013977051,1.6768099069595337,0.006612229626625776,0.23235246539115906,0.01732776314020157,0.08046579360961914,0.08630658686161041,-0.3590102791786194,0.04365060478448868,0.7110939025878906,0.4919487237930298,-0.47590917348861694,0.35996755957603455,0.641149640083313
-0.8278689384460449,-1.1455761194229126,0.006612229626625776,0.06423301249742508,-0.21269598603248596,0.05833134055137634,-0.14390039443969727,-0.36964765191078186,-0.2838321626186371,0.3502552807331085,-0.2949715852737427,-0.7426244020462036,0.5882087349891663,0.796434760093689
-1.4014416933059692,-1.4438754320144653,0.06282742321491241,0.3324234187602997,-0.4390273094177246,0.0377143919467926,0.09492669999599457,-0.3466844856739044,-0.2103116512298584,-0.012392088770866394,0.2584439516067505,-0.9725866913795471,-0.4805040955543518,0.03150773048400879
1.1657469272613525,0.7772269248962402,0.06156177818775177,0.4616549611091614,0.525467038154602,-0.08695260435342789,0.2605413794517517,0.3084254860877991,-0.02160070464015007,0.25252005457878113,0.19176708161830902,-0.536095917224884,0.5947409272193909,0.009239023551344872
1.2496570348739624,0.9105709791183472,0.09699486941099167,0.37902161478996277,-0.43021225929260254,-0.10459338128566742,-0.20490263402462006,-0.21232038736343384,-0.10010963678359985,0.18809810280799866,0.26455968618392944,0.8387776017189026,-0.35900282859802246,-0.212828129529953
-1.3585032224655151,-1.4807029962539673,0.031114209443330765,0.22037675976753235,0.4432797133922577,0.1167176365852356,0.4790998101234436,-0.649895429611206,-0.1418454349040985,0.07644800841808319,-0.13372769951820374,-0.8003948926925659,-0.3764238655567169,-0.08904361724853516
0.8921604752540588,0.14808107912540436,0.0008956454694271088,0.44854187965393066,0.4405127465724945,-0.03329602628946304,0.008562423288822174,0.25319206714630127,0.2394881248474121,-1.0860483646392822,-0.14851133525371552,-0.11610715091228485,0.7084491848945618,0.11045567691326141
-0.998734712600708,0.18772926926612854,0.044586181640625,0.24278858304023743,-0.35435038805007935,-0.02710864506661892,0.13543403148651123,-0.49335619807243347,0.35051190853118896,-0.6653144955635071,0.36006641387939453,-0.8019701242446899,1.0435832738876343,0.09870322048664093
-1.9828252792358398,-0.6172064542770386,0.08157974481582642,0.06121913716197014,-0.15978485345840454,-0.1858496069908142,-0.1328863799571991,-0.2218039631843567,0.5332120060920715,0.199386864900589,-0.18340979516506195,0.9691770672798157,0.8500849008560181,0.1776406615972519
1.6321487426757812,0.004998411983251572,0.14211976528167725,-0.03870859742164612,0.22708408534526825,0.13775192201137543,-0.06878159940242767,0.31802481412887573,0.09143161028623581,0.17344313859939575,0.3612332046031952,-0.3139859735965729,0.4765106439590454,0.3060044050216675
0.6609679460525513,1.2257802486419678,-0.39308661222457886,0.2702590525150299,0.4055993854999542,0.041864365339279175,-0.17118434607982635,0.11020570248365402,0.032160453498363495,0.31507691740989685,-0.4022899568080902,-0.44940894842147827,0.8792360424995422,0.49764811992645264
-1.133567214012146,1.1802469491958618,0.21806693077087402,0.26728102564811707,-0.7069376707077026,0.08710286021232605,-0.25299111008644104,-0.14930343627929688,0.1948937028646469,0.17640921473503113,-0.36732998490333557,-0.4705827832221985,-0.4771711528301239,0.4014897346496582
1.6510674953460693,-0.9828113317489624,0.14158472418785095,-0.1753985434770584,0.34991589188575745,0.2776445150375366,0.13660942018032074,0.3923344314098358,0.2659461796283722,0.14139707386493683,0.3093000650405884,-0.3354673981666565,-0.11047350615262985,0.30516043305397034
-2.068631649017334,-0.8534097671508789,0.07287893444299698,0.3179558515548706,-0.2754955589771271,-0.23360978066921234,0.34314772486686707,-0.7975965142250061,-0.26840725541114807,0.07657435536384583,0.22192159295082092,-0.5001997947692871,-0.23228228092193604,0.25470495223999023
-1.4392752647399902,-1.4613467454910278,0.017581764608621597,0.193399578332901,-0.46585047245025635,0.06772390007972717,0.07772745937108994,-0.2183825671672821,-0.007238958962261677,-0.012392088770866394,0.22376321256160736,-0.9080905914306641,-0.6553500294685364,-0.10787517577409744
1.375326156616211,0.18918827176094055,0.03424633666872978,0.4826541841030121,0.5608269572257996,-0.035935383290052414,-0.10397351533174515,0.3657880425453186,0.01519273966550827,0.260864794254303,0.25558167695999146,-0.5559475421905518,-0.19619111716747284,-0.12003292143344879
0.44519391655921936,-1.2616502046585083,-0.10126494616270065,0.13232886791229248,-0.38845813274383545,0.11762098968029022,-0.3115515410900116,-0.23878200352191925,-0.4784652888774872,0.2842669188976288,-0.30654969811439514,0.12557196617126465,1.0663508176803589,0.6681525111198425
-1.0863642692565918,0.38556474447250366,-0.040424223989248276,0.16355648636817932,0.6210364103317261,-0.05269371718168259,-0.020509369671344757,0.31223005056381226,-0.10376326739788055,0.5829789042472839,-0.47479039430618286,-0.16900615394115448,-0.4695636034011841,0.5008950233459473
1.6059272289276123,0.8133333325386047,-0.0051455311477184296,-0.25116652250289917,0.23076854646205902,0.2421431541442871,-0.004816568922251463,0.1595854014158249,-0.18408720195293427,0.12374429404735565,-0.19586533308029175,-0.25435563921928406,0.20042264461517334,0.31450268626213074
-2.132631301879883,-0.861083447933197,0.12202614545822144,0.2679609954357147,-0.3108753561973572,-0.25321996212005615,-0.1319396197795868,-0.815110445022583,-0.31662774085998535,0.199188694357872,-0.11492437869310379,-0.5075222849845886,-0.24337205290794373,0.22631727159023285
0.9339639544487,1.1862859725952148,-0.3201420307159424,-1.5198469161987305,0.11681307852268219,0.07355653494596481,0.2871132791042328,0.2301875352859497,-0.06284075230360031,-1.1960604190826416,0.26906952261924744,-0.3667694330215454,-0.15549112856388092,0.0320499986410141
-1.4568281173706055,-1.3500752449035645,0.05150793492794037,0.1835227608680725,-0.4083506464958191,0.04937785863876343,0.12185502797365189,-0.31880608201026917,-0.0024559209123253822,0.04592663422226906,-0.08887553960084915,-0.937221348285675,-0.9849950671195984,-0.09516315162181854
0.25773051381111145,0.31191691756248474,-0.3882676959037781,0.33756181597709656,-0.7070868015289307,-0.029227998107671738,-0.13026225566864014,-0.006727748550474644,-0.2335166335105896,0.2561781108379364,-0.0832991749048233,1.2328212261199951,0.0899692252278328,0.10916243493556976
-1.1162995100021362,-1.1510744094848633,-0.2798701822757721,0.30808109045028687,0.8553940653800964,-0.029227998107671738,-0.0964006707072258,0.1751866340637207,-0.06349538266658783,0.14448486268520355,-0.05639175325632095,0.35612744092941284,0.005079143214970827,0.03295866772532463
1.1838947534561157,0.2680201828479767,0.03424633666872978,0.42430421710014343,0.4681503176689148,-0.09719979763031006,-0.20171280205249786,0.2740101218223572,-0.09103136509656906,0.25432756543159485,-0.0862438976764679,1.087273120880127,-0.41253820061683655,0.1373089700937271
-1.4320027828216553,-1.4935719966888428,0.005079571157693863,0.193399578332901,-0.49566876888275146,0.0377143919467926,-0.283986359834671,-0.3466844856739044,-0.19213838875293732,0.25344187021255493,0.3013957738876343,-0.9725866913795471,-0.646824300289154,0.06431043148040771
-1.3312009572982788,-1.4674991369247437,-0.009364855475723743,0.08049572259187698,-0.07975520193576813,-0.0675656795501709,-0.12600134313106537,-0.39906176924705505,-0.28653743863105774,0.1905517578125,0.24421186745166779,-0.870807945728302,0.6222347617149353,0.27292561531066895
0.9477272033691406,-1.7261509895324707,0.002579733729362488,0.13040123879909515,0.35618215799331665,0.042654864490032196,-0.03288567438721657,-0.2758494019508362,-0.3171418011188507,0.46110793948173523,0.23823879659175873,-0.7786851525306702,0.33297595381736755,0.7001515626907349
0.15863634645938873,0.6725327372550964,-0.22269412875175476,-1.872544527053833,0.3453046381473541,-0.003855527378618717,0.2650821805000305,0.04565085843205452,-0.1725478172302246,-0.49475523829460144,0.2412748634815216,-0.4042130410671234,0.15161985158920288,0.06195264682173729
-1.1693533658981323,-0.6652286648750305,-0.3294863998889923,0.20460180938243866,-0.4359893202781677,-0.042113855481147766,0.1266080141067505,-0.2976185381412506,0.9952617287635803,0.07895959168672562,-0.04413589835166931,1.4236546754837036,0.0933430939912796,0.13925780355930328
0.6236066818237305,-1.5028165578842163,-0.2642984986305237,0.29056859016418457,0.6215680241584778,-0.10946758091449738,-0.04988403990864754,0.07170664519071579,-0.14375922083854675,0.40246081352233887,-0.4534456729888916,1.0642825365066528,-0.3312419652938843,-0.26697683334350586
-1.0409098863601685,-1.3871500492095947,0.056773897260427475,-0.07542042434215546,-0.33817556500434875,0.06935374438762665,0.27826422452926636,0.10636340826749802,-0.15263308584690094,0.1199575737118721,0.5830782055854797,-0.7733114957809448,-0.5466347336769104,0.5861353874206543
1.0676838159561157,0.7876179814338684,0.012765582650899887,0.5011462569236755,0.8096532821655273,-0.003855527378618717,0.21039848029613495,0.09932046383619308,-0.11220291256904602,0.14430373907089233,0.18720784783363342,-0.5292806029319763,0.13719864189624786,-0.02333664894104004
-1.3172461986541748,-1.060113787651062,0.15320611000061035,0.26553043723106384,-0.734540581703186,-0.029227998107671738,-0.14609068632125854,-0.09762224555015564,-0.25244107842445374,0.10446199774742126,-0.07816332578659058,0.21154212951660156,0.016369402408599854,0.03295866772532463
1.1239410638809204,0.7854570150375366,-0.605387270450592,-1.8234131336212158,0.21997660398483276,0.2292434275150299,0.06764519959688187,0.14265577495098114,-0.2394290268421173,-0.5270618796348572,-0.17343595623970032,0.4409160017967224,-0.4316093921661377,-0.0020454544574022293
-2.145033836364746,-0.6644222736358643,0.02856963872909546,0.2692960798740387,-0.2212284356355667,-0.19272293150424957,0.4043506681919098,-0.7782912254333496,-0.3055623471736908,0.1234019547700882,-0.17937526106834412,0.8813862800598145,-0.4982551634311676,-0.33612164855003357
1.3322532176971436,1.0415849685668945,0.06528165191411972,0.45844733715057373,0.517003059387207,0.11270532011985779,-0.24966932833194733,0.30298489332199097,-0.13069599866867065,0.24765320122241974,-0.10375239700078964,0.4892350137233734,-0.29679039120674133,0.08758100867271423
-1.3589426279067993,1.3110460042953491,0.02847113087773323,-0.3701765239238739,-0.5692814588546753,0.05606043338775635,-0.20025256276130676,0.22237752377986908,-0.10498405247926712,0.1339908093214035,-0.09087783098220825,-0.6218327879905701,-0.4131547510623932,0.0320499986410141
-1.4392752647399902,-1.4620537757873535,0.017581764608621597,0.220699742436409,-0.4600512981414795,0.0787259042263031,0.09492669999599457,0.28453242778778076,-0.19824692606925964,-0.012392088770866394,0.22376321256160736,-0.951442301273346,-0.6262419819831848,0.03150773048400879
1.3192310333251953,0.20843613147735596,0.03424633666872978,0.4450432360172272,0.5608269572257996,-0.08188676089048386,-0.33327192068099976,0.2947603464126587,-0.12604302167892456,0.16282926499843597,0.2153022736310959,-0.6254357099533081,-0.4136854410171509,0.009239023551344872
1.5814670324325562,-0.8751922845840454,-0.5398598313331604,-0.30337125062942505,0.25321632623672485,-0.10702662914991379,-0.14478302001953125,0.4079088568687439,-0.31745779514312744,-0.40372326970100403,-0.1976361721754074,-0.33548325300216675,-0.18173100054264069,0.004348046146333218
-2.199955940246582,0.008112572133541107,0.08996996283531189,0.32040977478027344,-0.25249430537223816,-0.23023851215839386,0.33314043283462524,0.08139482885599136,-0.055961985141038895,0.1412428617477417,0.19162525236606598,-0.4292135238647461,-0.3697143495082855,-0.2772611975669861
0.5457776784896851,0.818776547908783,0.003544475184753537,-1.1184818744659424,-0.01872296631336212,-0.030229007825255394,0.018261743709445,0.11941686272621155,-0.014174360781908035,-1.40811026096344,-0.19626694917678833,0.7376901507377625,0.43358203768730164,0.37417569756507874
-1.1875923871994019,-1.1448456048965454,-0.009364855475723743,0.067387156188488,-0.0892660990357399,-0.08853764086961746,-0.08024013042449951,-0.39906176924705505,-0.24515923857688904,0.19268272817134857,-0.2747109830379486,-0.8657980561256409,0.7052378058433533,0.6891920566558838
0.42473822832107544,1.187815546989441,0.12371957302093506,-0.80580735206604,0.49797481298446655,-0.022476263344287872,-0.025187835097312927,-0.09486714750528336,-0.07187733799219131,-0.808112621307373,-0.38158151507377625,0.8480947613716125,-0.292758971452713,-0.4085151255130768
-0.9411417245864868,-1.337518572807312,0.20219452679157257,0.3219435513019562,-0.30619749426841736,0.15011478960514069,0.28594258427619934,-0.21940259635448456,-0.21972426772117615,0.12331633269786835,-0.2463771402835846,1.2691761255264282,-0.5298824906349182,-0.5649337768554688
-1.034171462059021,1.0654296875,0.06963860988616943,0.2294970452785492,-0.35635265707969666,0.09746032953262329,-0.2572125494480133,-0.05693626403808594,-0.11757056415081024,-0.34222424030303955,-0.35917386412620544,-0.6820344924926758,0.9647409319877625,0.4436432421207428
0.9195948839187622,1.1434447765350342,0.24756304919719696,0.05688163638114929,0.3431417644023895,-0.09837508201599121,-0.00021084491163492203,0.3830201029777527,0.05696246027946472,-0.3883081376552582,-0.35612019896507263,0.31465843319892883,0.8584313988685608,0.485649049282074
-1.2056816816329956,0.6651385426521301,0.1566537767648697,0.31765687465667725,-0.8727602958679199,-0.01412439439445734,0.019430365413427353,0.10207106173038483,-0.13418729603290558,0.06219673156738281,-0.09848235547542572,-0.6989061832427979,0.3510133624076843,0.05589978024363518
0.3527773320674896,0.17423775792121887,0.15855009853839874,-0.31153303384780884,0.7894866466522217,-0.05380937084555626,-0.12512385845184326,0.10738155990839005,-0.09492350369691849,0.1710723638534546,-0.11209088563919067,-0.7188628315925598,0.038538239896297455,0.15375259518623352
0.8597177863121033,0.5505860447883606,0.00650520995259285,0.30202344059944153,-0.007290966808795929,-0.038435786962509155,0.09992314875125885,-0.15423057973384857,-0.2657569348812103,-1.1410884857177734,0.5820226073265076,-0.46973806619644165,-0.03740128502249718,-0.47958171367645264
-1.4134645462036133,-1.2822473049163818,-0.021161949262022972,0.10157573223114014,-0.20717748999595642,0.005286729894578457,-0.1475646048784256,-0.36357030272483826,-0.22937481105327606,0.03025001287460327,-0.1431022435426712,-0.7885177135467529,-0.41523805260658264,-0.5826489329338074
1.8206802606582642,0.575324535369873,0.10572455078363419,0.4583740532398224,0.06949856877326965,0.22438223659992218,-0.11701151728630066,0.16709493100643158,-0.27675461769104004,0.162688747048378,0.2793935537338257,0.5170442461967468,-0.602776288986206,-0.2528664171695709
-2.2687175273895264,-0.9011290073394775,0.1021292433142662,0.05810854956507683,-0.34238189458847046,-0.2080121487379074,-0.1844838261604309,-0.41971760988235474,0.17367620766162872,0.25400906801223755,-0.08062770217657089,-0.3727331757545471,-0.41771987080574036,-0.26773950457572937
-0.9349567294120789,0.3063117563724518,0.21865582466125488,0.38301268219947815,-0.31757852435112,0.0592096745967865,0.24614939093589783,-0.2000907063484192,-0.025515150278806686,0.5723952054977417,-0.22743290662765503,0.32206985354423523,0.9779579043388367,0.5675992369651794
0.7785927057266235,1.1126344203948975,-0.44231748580932617,0.08040954172611237,0.5578016042709351,-0.004694952629506588,-0.021693155169487,-0.09953785687685013,0.02540387213230133,-0.8904587626457214,-0.3693529963493347,0.19806015491485596,0.7626311182975769,0.4974691569805145
0.921164333820343,-1.3059370517730713,0.00650520995259285,-0.6883165836334229,-0.06269374489784241,-0.02517244778573513,0.011918465606868267,0.3613477945327759,0.2683206796646118,0.6669546961784363,0.34257128834724426,-0.611700713634491,-0.09564033895730972,-0.5843048691749573
-1.3230266571044922,-0.9878230094909668,-0.021161949262022972,0.11408744752407074,-0.04506995528936386,0.012237326242029667,0.21728117763996124,-0.2104489505290985,0.1469254046678543,0.08896094560623169,-0.09752246737480164,1.4550926685333252,-0.3262171149253845,-0.723042368888855
-1.98622465133667,-0.9084814786911011,0.019705675542354584,-0.2979866564273834,-0.18908043205738068,-0.27672508358955383,-0.15349626541137695,-0.3094097375869751,-0.07234036922454834,-0.3140736222267151,0.2928831875324249,-0.37922289967536926,-0.3785737454891205,0.27994856238365173
1.6590399742126465,-0.8020179867744446,0.10901639610528946,0.24883684515953064,0.024279624223709106,-0.06648025661706924,-0.18416333198547363,0.06882358342409134,-0.16747942566871643,0.33992257714271545,0.31533685326576233,0.8069349527359009,-0.2060941755771637,0.039029501378536224
1.029294490814209,0.9903596639633179,0.00650520995259285,-0.3296266496181488,0.3109074831008911,0.019899610430002213,0.04248114675283432,0.1760013848543167,-0.12694551050662994,0.7754902839660645,-0.26178085803985596,0.8663028478622437,-0.2265653908252716,0.6935543417930603
-1.249424695968628,-1.026320219039917,-0.021161949262022972,0.10452501475811005,-0.0892660990357399,-0.04389963299036026,0.19211290776729584,-0.3786424994468689,0.14098624885082245,0.14876899123191833,-0.30660152435302734,-0.8650839924812317,-0.1827041059732437,0.7264161109924316
0.9860873818397522,1.3787717819213867,-0.012075905688107014,0.43919479846954346,0.593579113483429,0.07494291663169861,-0.06522504985332489,-0.027952827513217926,-0.10931439697742462,0.3039354681968689,0.7155033946037292,0.7471224665641785,-0.393368661403656,-0.47616851329803467
-1.0769076347351074,-1.409552812576294,0.045457180589437485,0.21946920454502106,-0.3151206374168396,0.12516994774341583,0.32748353481292725,-0.1874067485332489,-0.20114398002624512,0.09998510777950287,-0.2502196431159973,1.2158970832824707,-0.530727744102478,-0.585059404373169
-1.0622994899749756,1.2731138467788696,-0.23204082250595093,-0.5633047819137573,-0.731488049030304,-0.4136872887611389,-0.01980811357498169,0.2672652006149292,0.19148360192775726,0.23901402950286865,-0.41490438580513,-0.12611672282218933,-0.5288199782371521,-0.47117868065834045
1.0815738439559937,1.3438949584960938,-0.09361599385738373,0.41387176513671875,0.3818688988685608,0.04931174963712692,0.014194468036293983,0.40146562457084656,0.22171229124069214,0.3681820333003998,-0.39787420630455017,0.8703362345695496,-0.2857503294944763,-0.47188887000083923
0.8181403279304504,1.4632971286773682,-0.20515215396881104,-0.43694475293159485,0.47693589329719543,-0.05380937084555626,0.21039848029613495,-0.041414033621549606,-0.039857830852270126,0.08155369758605957,0.2551552355289459,-0.4505365192890167,0.11887779086828232,0.01595224067568779
-1.2812002897262573,-0.8254894018173218,-0.37608423829078674,0.20460180938243866,-0.570408046245575,-0.026299677789211273,0.0864086002111435,-0.42814067006111145,0.9952617287635803,0.03669431433081627,-0.05294599011540413,-0.8422011137008667,-0.18624484539031982,0.23294295370578766
1.0909593105316162,0.4483596682548523,-0.021161949262022972,0.22121353447437286,0.060856446623802185,0.039733950048685074,-0.2230129987001419,0.2115907073020935,0.016619723290205002,0.5313625931739807,-0.5288161635398865,0.46547016501426697,-0.17580591142177582,-0.45537126064300537
-1.117944598197937,1.268507719039917,0.019653627648949623,-0.31590086221694946,-0.06891098618507385,-0.04389963299036026,-0.1744191199541092,-0.16710986196994781,0.04857044667005539,0.4998002350330353,-0.22177210450172424,-0.6133038997650146,0.35768258571624756,0.7260904312133789
-1.2253228425979614,0.6126227974891663,0.00947323814034462,-0.17533424496650696,-7.7858567237854e-06,0.06608854979276657,-0.2119501680135727,-0.06728938221931458,-0.26165488362312317,0.15318115055561066,-0.23636257648468018,-0.49577683210372925,-0.3106094002723694,-0.09838028997182846
0.8585382103919983,-1.4944391250610352,0.00947323814034462,0.15962694585323334,-0.23990637063980103,-0.009051121771335602,-0.1475646048784256,-0.3634623885154724,-0.3051539957523346,0.25836244225502014,-0.17065826058387756,-0.8044130206108093,-0.21116892993450165,-0.204497292637825
-1.3941692113876343,-1.412357211112976,0.005079571157693863,0.34245240688323975,-0.5418577790260315,0.0787259042263031,-0.21813295781612396,0.35359132289886475,-0.150733083486557,0.29997214674949646,-0.12461578100919724,-0.984516441822052,-0.42975547909736633,-0.008228504098951817
1.2426903247833252,0.6279414296150208,0.11142075806856155,0.3919917643070221,-0.43406593799591064,0.07502268999814987,-0.010499335825443268,0.3546394109725952,-0.14139243960380554,0.36933550238609314,0.2701583504676819,1.1018433570861816,0.2755296230316162,0.08758100867271423
-2.1739401817321777,0.06350480020046234,0.10388939827680588,0.32508692145347595,-0.23240335285663605,-0.21557636559009552,-0.14517690241336823,-0.7996228337287903,-0.45420846343040466,0.22634074091911316,-0.10975515097379684,0.9389845132827759,-0.21858558058738708,0.026221973821520805
1.3747502565383911,-0.8344483375549316,0.18113967776298523,-1.5999598503112793,0.3256121277809143,0.21671758592128754,-0.02705812267959118,0.3935941457748413,0.3460167348384857,0.24337095022201538,-0.13033407926559448,-0.3058468997478485,-0.08894940465688705,-0.07746542990207672
-1.2004183530807495,-1.6102287769317627,0.05024099722504616,0.08773117512464523,-0.3866640031337738,0.10248111188411713,-0.1047813817858696,-0.2230972945690155,-0.22435317933559418,0.0889003649353981,0.5624382495880127,-0.770915150642395,-0.4842540919780731,-0.22819672524929047
0.933099627494812,-1.511643409729004,-0.14860722422599792,0.21592548489570618,0.49994945526123047,-0.05087094381451607,-0.06672912836074829,0.009227069094777107,-0.1768689900636673,0.3775521218776703,-0.4365413784980774,1.0228171348571777,-0.5037453174591064,-0.41802752017974854
-1.275916576385498,-1.4571945667266846,0.019658293575048447,0.18093009293079376,-0.47564083337783813,-0.02710864506661892,0.11100742965936661,-0.6656467318534851,0.31473031640052795,0.2952575981616974,-0.12326657772064209,-1.0284717082977295,-0.4888015389442444,0.08123569935560226
0.4800907373428345,-1.3930567502975464,0.10178517550230026,0.3357696235179901,0.45424771308898926,0.008825315162539482,0.0492832288146019,0.3042250871658325,0.40961259603500366,-0.9104043841362,0.3751406669616699,-0.8110477924346924,0.11755366623401642,0.06431043148040771
0.8569201827049255,-1.3884397745132446,-0.04390358179807663,0.21425652503967285,-0.2572076618671417,-0.006965756416320801,-0.03972453251481056,0.30150264501571655,-0.2747780680656433,0.4523490369319916,-0.40397366881370544,0.015295877121388912,-0.15055891871452332,-0.21575427055358887
-1.0419540405273438,0.40085917711257935,0.019653627648949623,0.1512574404478073,-0.23424822092056274,0.10424856841564178,-0.08289335668087006,0.16128206253051758,-0.17319035530090332,-0.619225800037384,-0.2375854253768921,-0.3408898711204529,-0.1614757776260376,-0.47237256169319153
-1.1689547300338745,0.3254413604736328,0.06931377202272415,0.2706778943538666,-0.41387268900871277,0.05976481735706329,0.264331579208374,-0.27240726351737976,0.195870503783226,0.15881003439426422,-0.3123123347759247,-0.8139309883117676,-0.42270687222480774,-0.45421192049980164
0.9127018451690674,1.4120147228240967,-0.09361599385738373,-0.8414214849472046,0.579755961894989,0.02798841893672943,-0.04160317778587341,-0.12183404713869095,0.2534971535205841,0.2504434287548065,-0.41456830501556396,0.17191043496131897,-0.42686331272125244,-0.2947535514831543
-0.10774365067481995,-1.2455929517745972,-0.014770835638046265,0.06713101267814636,-0.1436934918165207,0.00937136635184288,-0.13967862725257874,0.21252238750457764,0.13259616494178772,-0.8944286704063416,-0.3231331408023834,-0.4929541349411011,0.5420321226119995,0.0985427126288414
0.7343546152114868,1.5222046375274658,0.004192219115793705,0.35602039098739624,0.0420900359749794,0.11446899175643921,-0.1771475374698639,-0.2770020663738251,-0.00838565081357956,0.5294456481933594,-0.22082650661468506,-0.44750070571899414,0.5737660527229309,0.6241511106491089
-0.9535273909568787,-0.6762474179267883,0.07589302957057953,0.30262258648872375,-0.10663378238677979,-0.16848526895046234,0.41656365990638733,-0.26423725485801697,0.5207288265228271,0.2597917318344116,-0.14641039073467255,1.0057576894760132,-0.23227429389953613,0.29478752613067627
0.5979135036468506,0.496128112077713,0.21601711213588715,0.457509845495224,-0.08179104328155518,0.13058044016361237,-0.08453863114118576,0.3158106207847595,-0.24667949974536896,-0.5926696062088013,-0.14496858417987823,0.7348865866661072,0.6012393832206726,0.2852228879928589
-2.2933921813964844,0.5471680760383606,0.10369187593460083,0.4448797404766083,-0.12054933607578278,-0.2159201204776764,-0.1784539818763733,-0.4816964566707611,-0.3346880376338959,0.1825764775276184,-0.18105898797512054,-0.3157931864261627,-0.22325855493545532,0.2502390444278717
1.7480915784835815,1.1494187116622925,0.16817644238471985,0.30704155564308167,0.06097572669386864,0.13290159404277802,-0.09612968564033508,0.16226856410503387,-0.22374118864536285,0.28333285450935364,-0.2256433665752411,-0.024438591673970222,-0.2919619679450989,0.2529197335243225
0.7899584770202637,1.1445012092590332,-0.42811957001686096,-0.8306660652160645,0.5394331216812134,0.08092262595891953,-0.012525326572358608,-0.13617028295993805,0.04339202865958214,-0.2611073851585388,0.7077563405036926,0.7858412861824036,-0.2649775445461273,0.47581085562705994
-1.1716116666793823,-1.472308874130249,0.20361755788326263,0.369896799325943,-0.3434155285358429,0.1913001388311386,0.31308484077453613,0.047761764377355576,-0.24397359788417816,0.12355706840753555,-0.2750999629497528,-0.7837820649147034,-0.5117750763893127,-0.2684720754623413
-0.8481846451759338,-1.2031476497650146,-0.3255242705345154,0.12708249688148499,0.386544793844223,-0.1655852049589157,-0.06142302230000496,-0.036085113883018494,0.13784527778625488,-0.4014310836791992,-0.38684800267219543,-0.16781651973724365,1.0261045694351196,0.5806121826171875
0.5397310256958008,-1.1187552213668823,0.23087278008460999,0.41648873686790466,-0.3480236530303955,0.16324667632579803,-0.01284619327634573,-0.13646669685840607,-0.2910993993282318,-0.5831670165061951,-0.3583935499191284,-0.20442292094230652,1.0237935781478882,0.6068128347396851
-1.3408265113830566,-1.4935719966888428,0.005079571157693863,0.1666000634431839,-0.5451157093048096,0.025616159662604332,-0.20648013055324554,-0.7015032768249512,0.018396902829408646,0.029444430023431778,-0.10773323476314545,-1.001717448234558,-0.6370129585266113,0.06431043148040771
1.082054615020752,1.316115379333496,-0.2256142795085907,0.38974714279174805,-0.4323199391365051,0.1000102311372757,0.24445724487304688,0.30683261156082153,0.01920871064066887,-0.6831714510917664,0.39741963148117065,-0.4199995696544647,0.6465861797332764,0.08177796751260757
-0.5812293291091919,-0.8349311351776123,0.006612229626625776,-0.10892648994922638,-0.0844421535730362,0.046838581562042236,0.011365733109414577,0.134201779961586,0.14991623163223267,-0.9479279518127441,-0.08075867593288422,1.340761423110962,0.5239011645317078,0.7615658640861511
0.5920506715774536,-1.0380346775054932,-0.04390358179807663,0.1636265367269516,-0.20926734805107117,0.02632923796772957,-0.039617039263248444,-0.5902273058891296,-0.2393275648355484,0.7578907012939453,-0.12235967814922333,1.5275999307632446,-0.28958287835121155,0.6942749619483948
-0.9726403951644897,-1.3906493186950684,0.18631267547607422,0.04229623079299927,-0.32351112365722656,0.1342829465866089,0.23641639947891235,-0.23681460320949554,0.15266133844852448,0.476596474647522,0.4832845628261566,-0.7981553673744202,-0.2277679592370987,0.5561257600784302
0.3376533091068268,-1.5458600521087646,-0.14589139819145203,0.2766872048377991,0.6214091777801514,-0.07478149980306625,-0.0348525196313858,0.31853917241096497,0.027483049780130386,0.36991390585899353,0.6316275000572205,0.9880808591842651,-0.29232046008110046,-0.5689634084701538
-2.0567104816436768,-0.8625040650367737,0.15500205755233765,0.36350712180137634,-0.21455425024032593,-0.25321996212005615,-0.1665971428155899,-0.3157109022140503,0.5098288655281067,0.10848183929920197,-0.15975983440876007,-0.42646294832229614,-0.26199033856391907,0.10939479619264603
1.5368363857269287,0.5979634523391724,-0.0269369725137949,-0.33700069785118103,0.12963809072971344,0.12562920153141022,-0.06379901617765427,0.15539135038852692,-0.1814139187335968,0.11361001431941986,-0.19799180328845978,0.5547327399253845,0.5157817602157593,0.05730908364057541
1.2029166221618652,0.25654545426368713,0.21429449319839478,0.5559385418891907,0.8362365961074829,-0.05380937084555626,-0.12243696302175522,-0.026530282571911812,-0.11156439036130905,0.09431703388690948,0.18917718529701233,-0.6343697309494019,0.0079025998711586,-0.15883654356002808
-1.3821130990982056,-1.1265430450439453,-0.29060158133506775,0.24517536163330078,-0.6759140491485596,-0.05380937084555626,0.10974980145692825,0.05562437325716019,-0.21321967244148254,0.0383959524333477,-0.0657310038805008,-0.793187141418457,-0.15601736307144165,-0.29908454418182373
-0.4964156746864319,1.4535497426986694,0.22519271075725555,0.4590371251106262,0.643728494644165,0.016028374433517456,0.006122966296970844,0.32078778743743896,-0.1411241590976715,0.22040066123008728,0.7317352890968323,-0.5891737937927246,-0.43804922699928284,-0.4334403872489929
0.23795472085475922,-1.4637788534164429,0.2295747548341751,0.2808135449886322,-0.4224402606487274,0.09147381782531738,0.31642216444015503,-0.33125731348991394,0.23333953320980072,0.10349756479263306,-0.37455737590789795,-0.7576766014099121,-0.5072632431983948,-0.5296471118927002
-1.2511476278305054,-1.5570645332336426,0.18544358015060425,0.35092952847480774,-0.3574008345603943,0.09432090818881989,0.25813981890678406,-0.2798278331756592,-0.056253060698509216,0.07742658257484436,0.5453880429267883,-0.7677567005157471,-0.3666764795780182,-0.5177528858184814
1.0793571472167969,0.3637743294239044,-0.10266424715518951,0.5282245874404907,0.6445307731628418,0.06382907927036285,-0.017312977463006973,0.03946246579289436,-0.3939434289932251,0.31027752161026,0.7430381774902344,-0.6352823972702026,-0.37531548738479614,-0.4091743230819702
-1.1100400686264038,0.7590557932853699,0.15657399594783783,0.35850128531455994,0.8351730108261108,-0.029227998107671738,-0.0225696824491024,0.11017408221960068,-0.1467204988002777,0.163350909948349,-0.07993800938129425,0.8225045204162598,-0.24753618240356445,-0.3057727515697479
0.22327041625976562,-0.876765251159668,-0.2648063898086548,0.3103273808956146,-0.577398419380188,0.02072584629058838,-0.1229877918958664,-0.06945641338825226,-0.25723910331726074,0.10437877476215363,-0.07230411469936371,1.3437950611114502,-0.24314990639686584,-0.4518468379974365
-0.7391005158424377,0.5168706774711609,0.11671324819326401,-0.3107909560203552,0.06255312263965607,0.12726381421089172,-0.09268081188201904,0.2667374014854431,0.2729673385620117,-0.5216470956802368,0.2825050354003906,-0.33281323313713074,0.5159136652946472,0.2877889573574066
0.10605011880397797,-0.8702185153961182,0.10144957154989243,0.32610026001930237,-0.23543664813041687,-0.039592668414115906,-0.09651735424995422,-0.7839218378067017,0.44995254278182983,0.16126486659049988,-0.12576286494731903,-0.5093008875846863,0.8420102596282959,0.2625337839126587
-1.065838098526001,-1.280654788017273,0.20431171357631683,0.40200918912887573,0.5394317507743835,-0.15272045135498047,-0.06432188302278519,0.2918893098831177,-0.35101425647735596,-0.5572235584259033,-0.2977261245250702,0.9962935447692871,-0.5382363200187683,0.5509069561958313
0.7655307054519653,0.9813961386680603,0.08240337669849396,0.28138062357902527,-0.34629344940185547,-0.03188353031873703,-0.17561130225658417,-0.15282580256462097,0.00801472831517458,-0.7656735181808472,0.49758610129356384,0.8198454976081848,0.731102466583252,0.46272772550582886
0.8865987062454224,0.2901650667190552,-0.31383734941482544,-1.4598262310028076,0.15299347043037415,-0.006191847380250692,0.2859519124031067,0.21673880517482758,-0.10501468926668167,-1.242983341217041,-0.09209729731082916,-0.5374774932861328,0.1479901373386383,-0.12003292143344879
-1.3172924518585205,-1.0268253087997437,0.005079571157693863,0.18093009293079376,-0.39805853366851807,0.021140914410352707,0.13940131664276123,-0.6665781736373901,-0.046504102647304535,0.01683904603123665,-0.0932912826538086,0.8079877495765686,-0.5727075934410095,-0.18795835971832275
-0.44245779514312744,-1.159600853919983,0.16580313444137573,0.34030240774154663,-0.6759140491485596,-0.02993857115507126,0.13788054883480072,0.1074131652712822,-0.21365180611610413,0.1183101013302803,-0.06903481483459473,0.19699782133102417,-0.2286134958267212,-0.4518468379974365
-0.2558898627758026,-1.027669906616211,0.18085423111915588,0.4058627784252167,0.5306939482688904,0.191829115152359,-0.0013218559324741364,0.11196812987327576,-0.15475156903266907,0.10847988724708557,0.12893296778202057,-0.596099853515625,-0.25184720754623413,-0.3261334300041199
0.6075859069824219,1.2909542322158813,0.019653627648949623,-1.1374708414077759,0.012812450528144836,-0.038435786962509155,0.04854784905910492,0.09986355155706406,-0.24471533298492432,-1.0147370100021362,0.6421840786933899,-0.3109011948108673,-0.0822245255112648,-0.5875973701477051
-1.1288702487945557,-1.3580530881881714,-0.021161949262022972,0.07565158605575562,-0.09044031798839569,-0.051564283668994904,-0.07014507055282593,-0.38818779587745667,0.16314151883125305,0.17811506986618042,-0.30949345231056213,-0.5091156959533691,0.22947639226913452,-0.30549705028533936
1.642437219619751,0.9000540375709534,-0.588459312915802,-0.021291710436344147,0.16849371790885925,0.16707241535186768,0.11461979150772095,0.3646973967552185,-0.026438189670443535,0.22313089668750763,-0.1460057497024536,0.3955252766609192,-0.25140297412872314,-0.3985982835292816
-2.30033540725708,-0.9027611613273621,0.03725025802850723,0.3237746059894562,-0.23724456131458282,-0.21026410162448883,-0.20867836475372314,-0.0037897524889558554,-0.25487416982650757,0.06107165664434433,-0.17204925417900085,-0.3212219178676605,-0.42025965452194214,-0.27025851607322693
-0.2985970973968506,0.3559403717517853,0.019653627648949623,-0.5797380208969116,-0.16272228956222534,-0.005499236285686493,-0.16099369525909424,-0.412278413772583,-0.03880279138684273,0.16031129658222198,-0.287326455116272,-0.6835501194000244,-0.28191694617271423,-0.07264111936092377
-0.3265707194805145,0.30830034613609314,0.00947323814034462,0.2068270742893219,0.018911369144916534,-0.020913854241371155,-0.21868373453617096,0.2082728147506714,0.19981081783771515,0.37187105417251587,-0.4760690927505493,0.09911441802978516,-0.24558404088020325,0.40135860443115234
0.535460352897644,-1.0982295274734497,0.028357651084661484,0.3215794563293457,-0.4583866000175476,-0.1229165568947792,-0.12326181679964066,0.36883485317230225,-0.19824692606925964,0.11461544036865234,0.2298789918422699,1.496382474899292,-0.5633768439292908,0.11984144151210785
-1.2981328964233398,-1.385001540184021,-0.05902533233165741,-0.3402557075023651,0.3954503536224365,0.0787259042263031,0.011912655085325241,0.3682106137275696,-0.16140151023864746,0.11898073554039001,0.1849474012851715,-0.9100225567817688,-0.6905097961425781,0.03150773048400879
0.8752593994140625,0.6688113212585449,0.16888634860515594,-2.0049679279327393,0.6713894605636597,-0.003855527378618717,0.21039848029613495,0.22022666037082672,-0.053899165242910385,0.14430373907089233,0.1637716293334961,-0.5292806029319763,0.05086353421211243,0.1353261023759842
-1.3172461986541748,-1.060113787651062,0.14594686031341553,0.19877192378044128,-0.734540581703186,-0.08503061532974243,-0.14609068632125854,-0.35177430510520935,-0.1618547886610031,0.09782564640045166,-0.07816332578659058,0.1897762417793274,0.048684556037187576,0.06221748888492584
0.9080608487129211,-1.1524027585983276,0.06560821831226349,0.1557367742061615,-0.6518429517745972,0.10698521137237549,-0.1536722481250763,0.2457655519247055,-0.28185558319091797,0.2224518060684204,-0.25508296489715576,1.1570253372192383,1.0038400888442993,0.6754053235054016
-1.3066649436950684,-1.3314907550811768,0.18779729306697845,0.3398967385292053,-0.3964434862136841,0.17569327354431152,0.26751047372817993,0.22328339517116547,0.17739762365818024,0.11159501224756241,0.402980238199234,-0.7515497207641602,0.9671726226806641,0.565601646900177
-0.4169120490550995,-0.9484516978263855,0.14616534113883972,0.3382497727870941,0.4463212192058563,-0.05380937084555626,-0.1366000920534134,0.10065121948719025,-0.14009065926074982,0.18194526433944702,-0.11209088563919067,-0.6948438882827759,0.14343750476837158,0.14282791316509247
-1.0946648120880127,-1.0461252927780151,-0.4192691743373871,0.2266237735748291,-0.7856117486953735,-0.05380937084555626,-0.1589854210615158,0.04885193705558777,-0.21131032705307007,0.06211349368095398,-0.08898192644119263,-0.86006760597229,0.07104653120040894,0.036528751254081726
-0.3038228452205658,-1.184505581855774,0.16580313444137573,0.4058627784252167,0.8056573867797852,-0.029227998107671738,0.06758067011833191,0.11196812987327576,-0.17438797652721405,0.163350909948349,-0.06903481483459473,0.2841208875179291,-0.2286134958267212,-0.4518468379974365
-1.2086995840072632,0.3301178812980652,0.18085423111915588,0.33981531858444214,-0.8441439867019653,-0.01412439439445734,0.06897801160812378,0.13067691028118134,-0.17889057099819183,0.06837376952171326,0.12672416865825653,-0.7949764132499695,-0.2707698941230774,-0.3198000192642212
0.4632055163383484,1.3532109260559082,-0.20116811990737915,-0.30452144145965576,0.38175639510154724,-0.016218407079577446,0.2650821805000305,0.05617305636405945,0.2950679063796997,0.1457032561302185,0.22647224366664886,-0.4822598993778229,0.13329900801181793,0.0051199039444327354
-1.295860767364502,-1.0151082277297974,-0.4868401885032654,0.20182162523269653,-0.6759140491485596,-0.0418478287756443,0.0015846900641918182,-0.42814067006111145,-0.3018966317176819,0.0317595973610878,-0.08898192644119263,-0.6908897757530212,-0.05279126390814781,0.23294295370578766
0.6793445944786072,0.42756468057632446,0.006612229626625776,0.2550007402896881,-0.13084660470485687,0.02664327435195446,-0.2129604071378708,-0.3824128210544586,0.029416989535093307,0.8122920989990234,-0.09777814894914627,1.1937600374221802,0.5473170280456543,-0.02868727408349514
-1.0199759006500244,-1.1445025205612183,-0.04390358179807663,0.09420700371265411,-0.08431035280227661,0.10607410222291946,0.008154192008078098,-0.16781264543533325,0.07150911539793015,0.44193315505981445,-0.14299337565898895,-0.7406718134880066,-0.34276995062828064,0.6390333771705627
1.2704932689666748,1.452508807182312,0.00413596723228693,0.37987959384918213,0.017070641741156578,-0.021929586306214333,0.05343647301197052,0.2230360209941864,-0.27312347292900085,0.35433822870254517,-0.29571107029914856,-0.40646177530288696,-0.259912371635437,-0.6786472201347351
-1.4787806272506714,-0.4194883108139038,0.00947323814034462,0.14423514902591705,-0.08886872231960297,-0.004864574410021305,-0.08711512386798859,-0.3834701478481293,0.26192498207092285,0.04006807506084442,-0.43255922198295593,-0.29359209537506104,-0.32273271679878235,-0.4929141402244568
1.4618746042251587,1.4548152685165405,0.059638068079948425,0.4826541841030121,0.5426357984542847,0.08499307185411453,-0.33327192068099976,0.2947603464126587,-0.13142609596252441,0.26600325107574463,0.25558167695999146,-0.4294407069683075,-0.3193020820617676,0.0320499986410141
-1.2857627868652344,-1.0302847623825073,0.06282742321491241,0.17746226489543915,-0.4994000792503357,0.08486772328615189,-0.18202906847000122,-0.6669708490371704,-0.22439509630203247,0.35267964005470276,-0.11152303218841553,0.850307285785675,-0.5641818046569824,-0.18183884024620056
0.0916404202580452,-1.4059159755706787,0.028357651084661484,-0.47182273864746094,-0.582529604434967,0.05733812600374222,-0.3817082345485687,-0.2802184224128723,-0.25725096464157104,-0.6657224893569946,-0.15276193618774414,-0.3554135262966156,-0.4689764678478241,-0.13955429196357727
-0.49466314911842346,-1.4426215887069702,0.023744333535432816,0.29692575335502625,0.47571638226509094,-0.107223279774189,-0.23525263369083405,0.30710142850875854,-0.0002401815727353096,0.021762948483228683,0.2153022736310959,-0.8099518418312073,-0.4336612820625305,-0.08904361724853516
-1.1835439205169678,-1.120993971824646,-0.04390358179807663,0.08653724193572998,-0.08539053797721863,0.0034827683120965958,0.21728117763996124,-0.16423922777175903,-0.2650657594203949,0.6882275938987732,-0.33123350143432617,0.07736717909574509,-0.2766445279121399,-0.60341876745224
0.8943254947662354,0.47872045636177063,0.00650520995259285,0.3326016068458557,0.13602274656295776,-0.038435786962509155,-0.14021140336990356,0.26302170753479004,-0.19126181304454803,-1.1409506797790527,0.5718262791633606,-0.4115782678127289,-0.13361191749572754,-0.4782921373844147
-1.8496637344360352,-0.7264031767845154,-0.33946487307548523,-0.31785455346107483,-0.14417849481105804,-0.2538435161113739,-0.1178915798664093,-0.23895734548568726,0.2787553071975708,-0.38876354694366455,0.3153305947780609,-0.4364382028579712,0.7346264123916626,0.01701972633600235
1.6481258869171143,0.136803537607193,0.13106310367584229,0.44467344880104065,0.07921962440013885,0.20207400619983673,-0.1513066291809082,0.3876681327819824,-0.16868650913238525,0.3030870854854584,-0.12305810302495956,0.7078133821487427,-0.2759816348552704,0.3108597993850708
1.7861671447753906,0.044966794550418854,0.13780803978443146,0.22155563533306122,-0.31986916065216064,-0.316620796918869,-0.1525999754667282,-0.8966273665428162,-0.2416975200176239,0.1419491171836853,-0.14000865817070007,-0.3701729476451874,-0.20552197098731995,0.22782188653945923
-2.288961887359619,0.5321767330169678,0.13638076186180115,0.17237672209739685,0.2650964558124542,0.23592104017734528,0.06095123291015625,0.32458043098449707,0.23676496744155884,0.2596924901008606,-0.13516229391098022,-0.20984379947185516,0.4921818971633911,-0.058268360793590546
-0.7170329093933105,0.7314444184303284,-0.10525686293840408,-1.5228686332702637,0.4899999797344208,-0.05380937084555626,-0.06276910752058029,0.04289912059903145,-0.1467204988002777,0.12108567357063293,-0.11073821783065796,-0.66227126121521,0.01961555890738964,-0.3440209627151489
0.23257489502429962,0.7018167972564697,-0.29107460379600525,0.36245378851890564,-0.8500368595123291,-0.01412439439445734,0.007361680269241333,0.12211744487285614,-0.23543982207775116,0.06211349368095398,-0.09262315183877945,-0.6383650302886963,-0.13384851813316345,-0.3198000192642212
-0.7846422791481018,-0.8647175431251526,0.15208950638771057,0.3047179877758026,-0.236793652176857,0.15594080090522766,-0.03059360571205616,-0.8435084819793701,-0.2537839710712433,0.2421272099018097,-0.20501147210597992,-0.1611810028553009,-0.21535657346248627,-0.033377449959516525
0.12947145104408264,0.41311007738113403,-0.0520714670419693,0.1646847128868103,0.11500648409128189,-0.1744665503501892,0.08628401160240173,-0.27248796820640564,0.34156057238578796,0.17890630662441254,-0.14169466495513916,0.7284085750579834,0.6554878354072571,0.3024395704269409
-0.8974112272262573,-1.175588607788086,0.16075216233730316,0.35660308599472046,0.8553940653800964,-0.05380937084555626,0.19672860205173492,0.08737728744745255,-0.21317724883556366,0.12108567357063293,-0.09796847403049469,-0.7152431011199951,0.35425952076911926,0.23294295370578766
0.19936585426330566,0.5655144453048706,0.16427858173847198,0.33874350786209106,-0.8481806516647339,-0.05380937084555626,-0.2589840292930603,0.006447898223996162,-0.15341760218143463,-0.42107847332954407,0.21772506833076477,-0.5349933505058289,0.15161985158920288,0.14601483941078186
1.3301477432250977,1.2907813787460327,0.03581639751791954,0.4826541841030121,0.5657240748405457,0.038436584174633026,-0.24822749197483063,0.37655675411224365,0.06496495008468628,0.20596887171268463,0.2153022736310959,-0.4686439335346222,-0.859995424747467,-0.12003292143344879
-1.4568281173706055,-1.3500752449035645,0.05150793492794037,0.1835227608680725,-0.48847419023513794,0.04937785863876343,0.12185502797365189,-0.31880608201026917,-0.0024559209123253822,0.04592663422226906,-0.08887553960084915,-0.937221348285675,-0.9849950671195984,-0.10787517577409744
-1.400270938873291,-1.0253902673721313,0.031114209443330765,0.26040658354759216,0.36239132285118103,0.12697546184062958,-0.25516295433044434,0.2685689330101013,-0.15442384779453278,0.09452101588249207,-0.0862438976764679,1.4181041717529297,-0.5117806792259216,-0.18183884024620056
0.4632411599159241,-0.9547326564788818,0.0045359693467617035,0.3151704668998718,-0.48343658447265625,0.10430999845266342,-0.33918121457099915,0.253579318523407,-0.13524878025054932,0.2347375899553299,-0.030039750039577484,1.4583086967468262,-0.9289174675941467,-0.18183884024620056
-0.1049373596906662,0.8983331322669983,0.03924701735377312,0.3416556119918823,-0.48835158348083496,-0.1229165568947792,-0.15128041803836823,0.03673263639211655,-0.16266116499900818,0.08970732986927032,0.2298789918422699,0.8871461153030396,-0.40373867750167847,0.019565105438232422
-0.5185394883155823,-1.3919689655303955,0.01585545763373375,0.19930291175842285,-0.5476569533348083,-0.11760904639959335,-0.18529748916625977,-0.32411548495292664,-0.1726110577583313,0.06045912578701973,-0.09464047849178314,-0.3882564902305603,-0.5614482760429382,-0.13955429196357727
0.3416895270347595,1.443126916885376,0.06156177818775177,-0.43934082984924316,0.2617327570915222,0.08302939683198929,0.3670530915260315,0.22905994951725006,-0.14148682355880737,0.5129449367523193,0.18419122695922852,-0.43573686480522156,0.262577086687088,0.009239023551344872
-1.2308862209320068,-1.3551356792449951,0.0772533118724823,0.16313223540782928,-0.39210057258605957,0.03357643634080887,-0.17078477144241333,-0.6584219932556152,-0.17726898193359375,0.053405214101076126,-0.09943956136703491,-0.3610475957393646,1.052964687347412,0.05597221106290817
-1.549412727355957,-1.2556720972061157,0.00947323814034462,0.11294989287853241,-0.23707488179206848,-0.0030606137588620186,-0.059019528329372406,0.005335450172424316,0.22014564275741577,0.059372372925281525,-0.1228448748588562,-0.39061570167541504,-0.2117154598236084,-0.5547412633895874
1.437954068183899,1.4470961093902588,0.00413596723228693,0.30140161514282227,0.06836436688899994,0.0313866063952446,-0.14503462612628937,0.1787576824426651,0.2921677827835083,0.46743178367614746,-0.24796560406684875,-0.1823263168334961,-0.26647430658340454,-0.5567502975463867
0.4624471664428711,1.310658574104309,-0.1315051019191742,0.44716495275497437,0.4645770192146301,-0.3557930886745453,-0.02126608043909073,0.08370643854141235,0.2676921784877777,0.34912559390068054,-0.40215563774108887,0.3005632758140564,-0.45697227120399475,-0.4950818717479706
-1.1615310907363892,-0.8964958190917969,0.2145262062549591,0.010071441531181335,-0.3938370645046234,0.10223455727100372,-0.041586123406887054,-0.18616066873073578,0.18339912593364716,0.07093915343284607,-0.2876773178577423,-0.7716009616851807,-0.5183795690536499,-0.5492167472839355
-0.3504891097545624,-1.14732027053833,0.12723830342292786,0.36755651235580444,-0.059980034828186035,-0.03826121985912323,-0.15718834102153778,-0.004668452776968479,0.5263248085975647,-0.37710368633270264,0.20616449415683746,-0.6392259001731873,0.05349303036928177,0.23294295370578766
-0.3430739641189575,-0.7353692650794983,-0.30169323086738586,0.277288019657135,-0.45607420802116394,-0.013679848052561283,-0.11878601461648941,-0.07264093309640884,0.7434545159339905,0.2561781108379364,-0.07051415741443634,1.3756942749023438,0.0899692252278328,0.2586316764354706
-0.9241864085197449,-0.9103606939315796,0.018487457185983658,0.3087380826473236,-0.3249121904373169,0.24267740547657013,-0.18850846588611603,-0.8399819731712341,0.1657969206571579,0.07992970943450928,-0.05661629140377045,-0.3461429178714752,-0.3849011957645416,-0.26488393545150757
0.09602125734090805,0.6137557625770569,0.14543865621089935,0.168588325381279,0.34609735012054443,-0.2931542992591858,0.08283692598342896,0.4231366515159607,-0.33467215299606323,0.101742684841156,0.3272775113582611,-0.28776949644088745,-0.2961422801017761,-0.02198590338230133
-0.3299674391746521,1.3603628873825073,0.2229246199131012,0.38633623719215393,-0.5662840604782104,0.11111961305141449,-0.02670992910861969,-0.3064205050468445,0.20279517769813538,0.12745432555675507,-0.37622830271720886,-0.7046325206756592,-0.5164870023727417,0.41636282205581665
-0.45807546377182007,1.410823106765747,0.08993080258369446,0.35570865869522095,0.3455785810947418,-0.21021133661270142,-0.039852697402238846,0.3376694917678833,0.2370254099369049,0.18294453620910645,-0.4058137834072113,-0.6752974987030029,-0.5447699427604675,0.3852499723434448
-0.42724886536598206,1.599484920501709,-0.1871812492609024,0.20812460780143738,0.6395938992500305,0.06426554918289185,-0.008012565784156322,0.2988348603248596,-0.3769903779029846,-0.0978509858250618,0.7911732792854309,-0.5399706363677979,-0.3148342967033386,-0.37011805176734924
-0.2917293906211853,-1.3853847980499268,0.20439915359020233,0.3524712026119232,-0.31496670842170715,0.1767037808895111,0.3087305724620819,-0.28062060475349426,-0.20730939507484436,0.13893237709999084,-0.2490895688533783,1.1929380893707275,-0.5318629741668701,-0.585059404373169
