Ranking_Difference,Attempts_on_Target,Corner_Kicks,Crosses,Ball_Possession_Percent,Completed_Passes,Completed_Line_Breaks,Defensive_Pressures,Forced_Turnovers,Second_Balls,Saves,Save_Percentage,Distance_Covered_km,Zone4_Low_Speed_Sprinting
46.0,4.0,3.0,13.0,57.1,495.0,105.0,170.0,31.0,56.0,2.0,100.0,107.3,5.3
-46.0,2.0,1.0,8.0,36.1,290.0,57.0,306.0,32.0,45.0,2.0,50.0,97.1,5.1
15.0,6.0,4.0,17.0,55.8,459.0,92.0,147.0,30.0,49.0,3.0,75.0,111.8,5.4
-15.0,4.0,5.0,15.0,34.2,330.0,54.0,301.0,40.0,78.0,4.0,66.66666666666666,117.6,5.4
34.0,4.0,9.0,30.0,52.8,316.0,84.0,160.0,50.0,94.0,2.0,66.66666666666666,111.3,5.8
-34.0,3.0,4.0,8.0,29.9,186.0,61.0,203.0,51.0,79.0,3.0,75.0,109.5,5.2
24.0,6.0,3.0,23.0,59.5,520.0,129.0,204.0,50.0,101.0,0.0,0.0,119.9,6.2
-24.0,1.0,1.0,5.0,28.7,234.0,53.0,360.0,49.0,55.0,2.0,33.33333333333333,114.3,6.1
-41.0,2.0,4.0,26.0,51.6,378.0,84.0,185.0,29.0,53.0,1.0,50.0,113.7,5.9
41.0,2.0,3.0,16.0,40.5,324.0,86.0,230.0,35.0,52.0,2.0,100.0,117.6,5.9
-5.0,4.0,5.0,14.0,27.0,358.0,56.0,384.0,35.0,62.0,7.0,100.0,116.6,5.6
5.0,7.0,8.0,28.0,62.9,543.0,132.0,170.0,30.0,87.0,2.0,50.0,112.5,5.1
1.0,5.0,6.0,19.0,46.7,398.0,89.0,315.0,41.0,56.0,2.0,66.66666666666666,113.7,6.8
-1.0,3.0,2.0,14.0,45.2,495.0,81.0,285.0,50.0,79.0,4.0,80.0,114.9,6.5
-37.0,3.0,3.0,8.0,28.8,213.0,58.0,294.0,36.0,53.0,6.0,85.71428571428571,109.2,4.8
37.0,7.0,10.0,34.0,58.7,542.0,122.0,165.0,42.0,70.0,2.0,66.66666666666666,109.4,5.6
-10.0,4.0,3.0,15.0,41.9,413.0,113.0,288.0,44.0,63.0,1.0,100.0,109.6,5.8
10.0,1.0,5.0,14.0,49.9,438.0,106.0,280.0,49.0,60.0,3.0,75.0,108.4,5.7
73.0,12.0,8.0,20.0,57.8,569.0,125.0,227.0,46.0,82.0,1.0,50.0,116.2,6.3
-73.0,2.0,1.0,5.0,35.3,291.0,72.0,339.0,43.0,58.0,5.0,41.66666666666667,103.5,5.0
10.0,6.0,5.0,23.0,54.9,473.0,88.0,194.0,33.0,49.0,0.0,0.0,102.9,4.6
-10.0,2.0,4.0,24.0,37.4,302.0,72.0,316.0,28.0,50.0,4.0,66.66666666666666,109.4,5.1
7.0,7.0,4.0,12.0,47.4,489.0,71.0,172.0,42.0,69.0,1.0,50.0,111.3,5.1
-7.0,2.0,2.0,13.0,42.7,285.0,75.0,223.0,41.0,67.0,2.0,28.57142857142857,109.7,5.9
-45.0,3.0,4.0,6.0,27.1,355.0,54.0,318.0,44.0,58.0,9.0,90.0,109.5,4.7
45.0,10.0,14.0,42.0,63.3,719.0,128.0,157.0,39.0,67.0,2.0,66.66666666666666,110.9,5.2
65.0,7.0,11.0,39.0,65.7,839.0,144.0,200.0,53.0,83.0,1.0,100.0,115.5,5.0
-65.0,1.0,1.0,3.0,25.4,272.0,306.0,398.0,47.0,54.0,7.0,100.0,112.4,4.2
65.0,4.0,4.0,18.0,43.3,333.0,75.0,253.0,46.0,83.0,6.0,75.0,113.0,6.1
-65.0,8.0,1.0,11.0,45.3,378.0,89.0,234.0,47.0,67.0,2.0,50.0,112.9,6.6
20.0,4.0,2.0,15.0,45.5,415.0,106.0,227.0,41.0,70.0,2.0,66.66666666666666,113.3,6.3
-20.0,3.0,7.0,17.0,38.1,339.0,78.0,258.0,52.0,66.0,3.0,75.0,111.3,6.2
12.0,8.0,6.0,9.0,49.4,516.0,118.0,277.0,54.0,67.0,1.0,50.0,120.2,7.0
-12.0,2.0,4.0,11.0,44.5,453.0,101.0,308.0,39.0,64.0,5.0,62.5,116.7,6.2
-26.0,2.0,1.0,19.0,34.7,286.0,70.0,288.0,42.0,52.0,1.0,20.0,111.7,5.6
26.0,5.0,4.0,17.0,57.2,493.0,116.0,173.0,31.0,52.0,1.0,50.0,116.3,5.3
27.0,6.0,2.0,5.0,44.6,517.0,102.0,288.0,46.0,50.0,1.0,100.0,108.4,4.4
-27.0,1.0,2.0,8.0,50.8,578.0,115.0,332.0,40.0,59.0,3.0,50.0,109.3,5.2
39.0,4.0,4.0,17.0,53.3,499.0,112.0,206.0,54.0,83.0,3.0,75.0,120.4,6.7
-39.0,4.0,3.0,15.0,33.0,254.0,63.0,322.0,55.0,85.0,1.0,25.0,119.2,6.7
-39.0,2.0,2.0,17.0,35.6,304.0,70.0,294.0,49.0,70.0,4.0,100.0,119.0,6.2
39.0,4.0,2.0,21.0,55.5,526.0,105.0,201.0,48.0,75.0,1.0,50.0,117.3,5.7
7.0,11.0,8.0,15.0,49.0,421.0,82.0,262.0,36.0,63.0,3.0,60.0,117.0,6.6
-7.0,5.0,2.0,12.0,43.5,399.0,85.0,295.0,35.0,48.0,7.0,63.63636363636363,113.7,6.4
41.0,1.0,5.0,23.0,68.9,740.0,146.0,183.0,29.0,70.0,1.0,50.0,109.8,5.7
-41.0,2.0,4.0,10.0,25.3,214.0,60.0,407.0,42.0,46.0,0.0,0.0,112.4,6.0
-37.0,2.0,3.0,11.0,33.9,303.0,70.0,264.0,32.0,40.0,1.0,25.0,112.0,4.5
37.0,4.0,4.0,18.0,56.7,548.0,72.0,160.0,31.0,60.0,1.0,50.0,108.7,4.7
20.0,3.0,5.0,15.0,32.4,279.0,87.0,343.0,41.0,64.0,3.0,75.0,119.6,6.6
-20.0,4.0,5.0,16.0,60.3,518.0,114.0,233.0,44.0,66.0,2.0,66.66666666666666,112.0,5.9
45.0,7.0,7.0,24.0,57.8,531.0,115.0,234.0,46.0,70.0,2.0,66.66666666666666,114.9,5.8
-45.0,3.0,3.0,14.0,34.1,289.0,69.0,339.0,42.0,62.0,3.0,42.85714285714285,113.1,5.6
26.0,11.0,19.0,61.0,65.8,625.0,131.0,107.0,31.0,89.0,0.0,0.0,111.2,5.7
-26.0,0.0,1.0,2.0,20.5,338.0,23.0,274.0,23.0,34.0,5.0,45.45454545454545,90.8,3.7
11.0,4.0,0.0,5.0,40.8,360.0,76.0,265.0,46.0,69.0,2.0,100.0,116.5,5.3
-11.0,2.0,2.0,8.0,51.8,466.0,75.0,217.0,48.0,62.0,3.0,75.0,112.1,5.3
77.0,4.0,4.0,11.0,49.0,484.0,105.0,195.0,39.0,50.0,3.0,100.0,113.6,5.9
-77.0,3.0,4.0,13.0,43.2,338.0,84.0,294.0,34.0,63.0,1.0,25.0,112.8,6.1
-35.0,0.0,2.0,13.0,39.1,403.0,87.0,304.0,39.0,49.0,1.0,50.0,117.8,5.9
35.0,2.0,5.0,13.0,54.8,612.0,83.0,260.0,40.0,61.0,0.0,0.0,115.4,6.4
19.0,5.0,12.0,45.0,67.7,594.0,153.0,101.0,41.0,92.0,1.0,50.0,123.3,5.4
-19.0,2.0,0.0,9.0,19.2,92.0,45.0,367.0,50.0,61.0,5.0,100.0,117.0,6.3
10.0,2.0,7.0,15.0,56.0,490.0,95.0,167.0,39.0,65.0,2.0,100.0,111.1,5.5
-10.0,2.0,4.0,20.0,30.3,351.0,71.0,262.0,40.0,70.0,0.0,0.0,112.8,6.2
24.0,7.0,8.0,20.0,49.5,568.0,133.0,293.0,47.0,69.0,1.0,50.0,125.8,7.6
-24.0,2.0,3.0,12.0,41.2,440.0,92.0,316.0,43.0,60.0,5.0,71.42857142857143,113.1,5.3
59.0,15.0,9.0,33.0,65.8,601.0,125.0,155.0,43.0,92.0,3.0,100.0,103.7,5.4
-59.0,3.0,0.0,1.0,23.4,167.0,59.0,345.0,35.0,60.0,15.0,100.0,106.1,5.2
30.0,7.0,2.0,19.0,48.2,398.0,96.0,232.0,47.0,54.0,7.0,87.5,108.4,5.5
-30.0,8.0,5.0,23.0,43.3,377.0,100.0,228.0,37.0,53.0,2.0,28.57142857142857,110.1,5.7
-27.0,0.0,3.0,9.0,36.4,398.0,58.0,233.0,34.0,45.0,0.0,0.0,112.4,5.5
27.0,4.0,5.0,12.0,55.1,524.0,85.0,219.0,35.0,52.0,0.0,0.0,112.2,5.3
51.0,2.0,11.0,27.0,54.9,444.0,92.0,198.0,41.0,78.0,2.0,50.0,112.8,6.7
-51.0,4.0,4.0,8.0,33.4,218.0,62.0,233.0,46.0,61.0,0.0,0.0,107.4,4.7
59.0,8.0,6.0,28.0,63.2,700.0,159.0,214.0,44.0,87.0,2.0,100.0,115.5,5.9
-59.0,2.0,1.0,4.0,30.0,344.0,77.0,413.0,42.0,54.0,4.0,50.0,115.0,6.7
11.0,7.0,4.0,35.0,59.2,562.0,120.0,121.0,45.0,90.0,3.0,100.0,111.7,5.2
-11.0,3.0,2.0,11.0,30.2,201.0,40.0,343.0,43.0,59.0,7.0,100.0,112.6,5.2
-56.0,5.0,4.0,13.0,39.4,355.0,85.0,289.0,39.0,76.0,4.0,57.14285714285714,118.5,6.8
56.0,7.0,3.0,20.0,50.3,486.0,110.0,249.0,51.0,72.0,4.0,80.0,118.3,7.1
-16.0,7.0,5.0,11.0,40.1,295.0,68.0,224.0,32.0,55.0,2.0,50.0,120.3,6.5
16.0,4.0,4.0,23.0,51.4,447.0,99.0,233.0,36.0,74.0,4.0,57.14285714285714,111.2,6.1
54.0,5.0,4.0,19.0,49.0,553.0,117.0,257.0,42.0,79.0,0.0,0.0,107.7,4.7
-54.0,0.0,2.0,10.0,44.3,431.0,89.0,304.0,37.0,55.0,2.0,40.0,112.1,4.5
23.0,5.0,1.0,6.0,48.2,570.0,87.0,229.0,41.0,53.0,1.0,100.0,104.4,4.5
-23.0,1.0,3.0,18.0,43.5,365.0,91.0,299.0,31.0,65.0,3.0,60.0,107.8,4.9
-35.0,4.0,1.0,7.0,27.7,201.0,71.0,355.0,47.0,67.0,6.0,75.0,117.5,5.9
35.0,8.0,10.0,20.0,62.2,590.0,99.0,199.0,55.0,85.0,3.0,75.0,116.3,6.6
69.0,3.0,9.0,32.0,72.4,635.0,106.0,105.0,25.0,65.0,0.0,0.0,108.3,5.1
-69.0,0.0,2.0,5.0,20.0,244.0,36.0,298.0,31.0,32.0,3.0,100.0,105.9,4.3
-23.0,1.0,7.0,27.0,37.2,282.0,80.0,269.0,44.0,81.0,1.0,50.0,108.2,5.8
23.0,2.0,2.0,18.0,52.5,445.0,75.0,236.0,47.0,65.0,1.0,100.0,110.0,6.9
45.0,9.0,3.0,24.0,56.1,577.0,135.0,197.0,37.0,67.0,2.0,100.0,110.2,6.0
-45.0,2.0,2.0,8.0,34.0,278.0,63.0,338.0,49.0,61.0,4.0,44.44444444444444,109.6,6.5
33.0,9.0,5.0,14.0,58.5,545.0,94.0,155.0,40.0,64.0,1.0,100.0,104.0,5.0
-33.0,1.0,4.0,13.0,32.9,404.0,51.0,300.0,40.0,59.0,8.0,88.88888888888889,106.0,5.1
-36.0,5.0,7.0,24.0,43.0,466.0,99.0,241.0,33.0,49.0,6.0,66.66666666666666,113.2,4.4
36.0,9.0,6.0,13.0,51.1,571.0,108.0,227.0,28.0,53.0,5.0,100.0,110.7,4.2
76.0,11.0,9.0,31.0,60.1,495.0,124.0,172.0,38.0,64.0,0.0,0.0,111.2,6.8
-76.0,2.0,1.0,3.0,31.5,212.0,49.0,331.0,50.0,59.0,7.0,63.63636363636363,107.5,5.9
11.0,4.0,2.0,8.0,48.8,389.0,95.0,216.0,49.0,53.0,6.0,85.71428571428571,109.9,5.2
-11.0,7.0,7.0,26.0,40.1,275.0,87.0,299.0,50.0,64.0,2.0,50.0,114.6,7.1
-8.0,5.0,5.0,25.0,48.7,528.0,99.0,248.0,43.0,59.0,2.0,66.66666666666666,113.8,5.5
8.0,3.0,5.0,18.0,42.6,408.0,90.0,264.0,42.0,55.0,2.0,40.0,110.0,5.4
-26.0,1.0,5.0,20.0,44.7,401.0,82.0,213.0,38.0,66.0,2.0,40.0,111.6,5.3
26.0,5.0,1.0,14.0,46.7,387.0,71.0,233.0,35.0,61.0,1.0,100.0,114.7,5.5
-35.0,4.0,4.0,7.0,30.3,279.0,69.0,321.0,40.0,68.0,3.0,100.0,111.8,5.4
35.0,3.0,6.0,39.0,60.9,657.0,114.0,199.0,28.0,63.0,3.0,75.0,111.0,5.4
-49.0,2.0,4.0,15.0,37.9,371.0,78.0,299.0,43.0,57.0,1.0,33.33333333333333,106.2,5.5
49.0,3.0,6.0,18.0,55.2,608.0,116.0,201.0,44.0,65.0,2.0,100.0,106.4,5.3
-14.0,3.0,3.0,14.0,39.2,325.0,61.0,299.0,49.0,66.0,2.0,66.66666666666666,109.8,6.1
14.0,3.0,2.0,16.0,51.2,537.0,114.0,231.0,51.0,85.0,1.0,33.33333333333333,114.5,6.3
20.0,3.0,2.0,14.0,44.7,408.0,79.0,221.0,42.0,62.0,4.0,80.0,110.2,5.3
-20.0,5.0,8.0,16.0,44.6,494.0,72.0,201.0,37.0,74.0,2.0,66.66666666666666,111.1,5.1
-37.0,4.0,4.0,13.0,27.5,208.0,56.0,346.0,34.0,40.0,4.0,57.14285714285714,111.1,5.1
37.0,7.0,6.0,27.0,64.6,619.0,115.0,173.0,34.0,61.0,3.0,75.0,106.8,5.3
-5.0,2.0,2.0,11.0,42.5,431.0,88.0,219.0,50.0,75.0,5.0,71.42857142857143,115.0,5.8
5.0,7.0,9.0,20.0,48.0,492.0,91.0,267.0,47.0,61.0,2.0,66.66666666666666,127.6,7.7
-14.0,2.0,1.0,7.0,42.2,365.0,49.0,284.0,51.0,64.0,5.0,100.0,113.1,5.5
14.0,5.0,3.0,13.0,46.2,503.0,86.0,210.0,43.0,93.0,2.0,100.0,116.4,5.6
-28.0,5.0,4.0,9.0,41.0,367.0,75.0,297.0,38.0,64.0,5.0,55.55555555555556,113.5,6.0
28.0,9.0,5.0,16.0,51.2,492.0,98.0,234.0,43.0,68.0,4.0,80.0,109.1,5.6
42.0,11.0,12.0,29.0,58.6,581.0,107.0,162.0,38.0,71.0,1.0,100.0,111.9,6.1
-42.0,1.0,3.0,5.0,30.7,379.0,52.0,259.0,43.0,53.0,6.0,54.54545454545454,104.7,5.4
-9.0,3.0,8.0,16.0,53.7,525.0,97.0,169.0,52.0,76.0,2.0,66.66666666666666,117.2,5.9
9.0,3.0,2.0,11.0,36.4,280.0,73.0,278.0,43.0,78.0,2.0,66.66666666666666,118.8,6.5
-76.0,2.0,5.0,13.0,36.6,309.0,82.0,321.0,32.0,50.0,5.0,50.0,113.1,6.9
76.0,10.0,8.0,13.0,40.5,608.0,118.0,249.0,44.0,82.0,1.0,50.0,119.8,6.9
-6.0,2.0,4.0,21.0,48.0,476.0,113.0,206.0,53.0,83.0,3.0,100.0,115.5,6.2
6.0,3.0,2.0,12.0,41.9,444.0,76.0,304.0,42.0,67.0,2.0,100.0,113.9,7.3
-14.0,1.0,1.0,18.0,33.4,381.0,68.0,390.0,53.0,67.0,0.0,0.0,113.8,6.5
14.0,1.0,6.0,15.0,57.1,508.0,134.0,215.0,49.0,65.0,1.0,100.0,111.2,5.1
-30.0,2.0,3.0,10.0,33.1,231.0,84.0,283.0,55.0,57.0,4.0,66.66666666666666,111.3,6.2
30.0,6.0,7.0,29.0,57.7,500.0,114.0,228.0,44.0,72.0,2.0,100.0,115.2,7.6
62.0,4.0,3.0,15.0,50.8,487.0,84.0,189.0,32.0,52.0,0.0,0.0,110.5,5.0
-62.0,1.0,2.0,11.0,43.1,411.0,50.0,271.0,40.0,47.0,2.0,50.0,106.4,5.0
-4.0,5.0,0.0,4.0,60.7,599.0,96.0,218.0,39.0,47.0,0.0,0.0,105.2,4.3
4.0,3.0,3.0,13.0,33.9,434.0,70.0,305.0,24.0,56.0,2.0,40.0,113.3,4.6
-62.0,1.0,2.0,9.0,27.7,239.0,66.0,471.0,37.0,44.0,1.0,25.0,110.6,4.9
62.0,4.0,6.0,10.0,67.6,762.0,130.0,184.0,42.0,48.0,0.0,0.0,105.9,4.7
-8.0,7.0,5.0,16.0,51.9,467.0,114.0,218.0,35.0,60.0,2.0,100.0,103.0,5.0
8.0,2.0,2.0,14.0,41.1,561.0,99.0,303.0,37.0,38.0,7.0,100.0,104.0,4.8
-4.0,5.0,2.0,25.0,53.0,497.0,106.0,191.0,54.0,93.0,0.0,0.0,115.1,5.5
4.0,1.0,4.0,15.0,37.0,462.0,80.0,342.0,54.0,74.0,2.0,40.0,115.8,5.6
-30.0,1.0,1.0,5.0,55.8,486.0,97.0,221.0,42.0,80.0,6.0,85.71428571428571,108.2,6.5
30.0,7.0,4.0,14.0,35.6,314.0,80.0,344.0,49.0,82.0,1.0,100.0,117.0,7.9
32.0,6.0,16.0,52.0,65.5,752.0,161.0,164.0,45.0,118.0,2.0,66.66666666666666,152.4,6.6
-32.0,3.0,6.0,20.0,23.7,166.0,51.0,410.0,59.0,71.0,5.0,83.33333333333334,143.8,6.1
-1.0,2.0,5.0,10.0,31.1,307.0,62.0,340.0,51.0,79.0,4.0,80.0,137.6,5.2
1.0,5.0,8.0,19.0,61.4,813.0,94.0,244.0,52.0,75.0,1.0,50.0,139.5,6.5
12.0,7.0,6.0,30.0,61.6,652.0,118.0,200.0,40.0,74.0,1.0,50.0,110.0,4.9
-12.0,2.0,2.0,12.0,30.3,286.0,72.0,362.0,34.0,47.0,5.0,71.42857142857143,114.9,5.3
35.0,12.0,9.0,22.0,53.5,498.0,129.0,213.0,35.0,64.0,3.0,100.0,107.7,4.9
-35.0,3.0,1.0,11.0,38.0,296.0,71.0,258.0,34.0,56.0,9.0,75.0,107.3,4.6
-2.0,5.0,14.0,33.0,41.3,353.0,90.0,318.0,45.0,72.0,2.0,50.0,105.8,5.4
2.0,4.0,3.0,15.0,50.2,442.0,103.0,216.0,31.0,51.0,4.0,80.0,114.5,6.2
9.0,3.0,3.0,10.0,37.1,492.0,76.0,215.0,33.0,50.0,1.0,100.0,113.3,6.2
-9.0,1.0,8.0,27.0,52.9,411.0,69.0,191.0,35.0,59.0,1.0,33.33333333333333,105.0,5.6
42.0,7.0,5.0,42.0,53.5,589.0,125.0,246.0,35.0,69.0,1.0,50.0,115.5,5.9
-42.0,2.0,3.0,16.0,37.9,356.0,91.0,336.0,36.0,48.0,5.0,71.42857142857143,114.0,5.7
47.0,2.0,4.0,19.0,44.0,362.0,82.0,206.0,43.0,62.0,3.0,100.0,117.0,5.9
-47.0,3.0,3.0,12.0,47.7,381.0,52.0,208.0,32.0,57.0,0.0,0.0,117.1,5.9
6.0,5.0,4.0,27.0,48.3,607.0,109.0,351.0,45.0,93.0,3.0,60.0,160.5,8.5
-6.0,5.0,2.0,27.0,42.9,555.0,137.0,352.0,52.0,70.0,2.0,40.0,152.9,7.3
6.0,3.0,9.0,21.0,55.3,534.0,90.0,257.0,42.0,56.0,5.0,83.33333333333334,116.6,6.0
-6.0,6.0,5.0,21.0,37.8,407.0,70.0,291.0,35.0,61.0,1.0,33.33333333333333,118.1,6.0
22.0,10.0,9.0,25.0,59.2,589.0,142.0,203.0,51.0,68.0,0.0,0.0,112.4,6.6
-22.0,0.0,0.0,14.0,33.3,291.0,71.0,410.0,41.0,56.0,7.0,70.0,110.5,6.2
9.0,5.0,4.0,18.0,40.7,371.0,88.0,283.0,56.0,69.0,2.0,100.0,115.4,5.6
-9.0,2.0,2.0,7.0,51.5,491.0,107.0,266.0,47.0,70.0,3.0,60.0,113.2,6.0
66.0,12.0,8.0,19.0,59.2,714.0,152.0,289.0,51.0,77.0,3.0,60.0,140.6,6.2
-66.0,5.0,8.0,19.0,34.1,440.0,100.0,415.0,45.0,69.0,9.0,75.0,141.1,5.7
60.0,8.0,3.0,17.0,54.6,576.0,91.0,217.0,35.0,58.0,0.0,0.0,107.4,5.4
-60.0,0.0,2.0,15.0,38.6,414.0,77.0,297.0,36.0,72.0,7.0,87.5,105.6,5.2
2.0,2.0,4.0,31.0,35.4,428.0,115.0,373.0,56.0,105.0,3.0,75.0,148.1,6.5
-2.0,4.0,7.0,22.0,53.0,638.0,113.0,304.0,42.0,74.0,1.0,50.0,142.4,6.2
-38.0,0.0,2.0,6.0,22.5,286.0,37.0,268.0,40.0,65.0,4.0,80.0,104.4,4.6
38.0,5.0,12.0,20.0,66.7,670.0,103.0,95.0,37.0,75.0,0.0,0.0,104.8,4.3
-23.0,3.0,11.0,27.0,37.5,306.0,79.0,273.0,48.0,80.0,1.0,25.0,116.2,6.9
23.0,4.0,1.0,6.0,50.7,648.0,72.0,189.0,46.0,68.0,3.0,100.0,108.8,5.7
25.0,4.0,5.0,16.0,32.1,298.0,73.0,401.0,38.0,59.0,3.0,60.0,113.3,5.5
-25.0,5.0,5.0,17.0,60.7,627.0,125.0,185.0,28.0,68.0,3.0,75.0,120.5,5.4
-10.0,5.0,12.0,49.0,59.4,448.0,103.0,182.0,33.0,62.0,2.0,40.0,112.0,4.7
10.0,5.0,2.0,8.0,31.5,204.0,53.0,243.0,28.0,48.0,3.0,60.0,106.7,3.9
-3.0,2.0,3.0,12.0,41.7,508.0,102.0,342.0,43.0,63.0,4.0,80.0,112.8,5.3
3.0,5.0,7.0,18.0,50.6,398.0,143.0,294.0,55.0,57.0,2.0,100.0,115.4,6.1
-8.0,2.0,3.0,13.0,51.2,508.0,126.0,232.0,41.0,48.0,3.0,42.85714285714285,119.2,5.9
8.0,7.0,6.0,19.0,40.0,414.0,79.0,295.0,48.0,90.0,1.0,50.0,117.9,6.0
28.0,7.0,6.0,26.0,57.1,433.0,129.0,190.0,39.0,65.0,0.0,0.0,110.4,5.5
-28.0,2.0,1.0,8.0,34.4,323.0,80.0,380.0,27.0,39.0,4.0,57.14285714285714,115.9,5.7
-6.0,2.0,3.0,16.0,48.3,561.0,126.0,316.0,49.0,68.0,3.0,100.0,140.7,6.6
6.0,3.0,7.0,17.0,44.3,462.0,120.0,338.0,52.0,82.0,2.0,100.0,136.9,6.2
4.0,8.0,5.0,13.0,46.5,450.0,104.0,263.0,38.0,51.0,1.0,100.0,108.6,5.3
-4.0,1.0,5.0,16.0,46.6,469.0,76.0,286.0,36.0,54.0,6.0,75.0,108.3,5.1
7.0,8.0,5.0,21.0,61.6,625.0,159.0,206.0,37.0,71.0,1.0,50.0,114.6,5.3
-7.0,2.0,1.0,12.0,31.0,254.0,80.0,339.0,40.0,50.0,6.0,75.0,116.2,5.6
-27.0,4.0,7.0,18.0,44.2,593.0,100.0,324.0,33.0,67.0,5.0,71.42857142857143,148.9,6.2
27.0,7.0,4.0,21.0,47.4,504.0,121.0,304.0,42.0,58.0,3.0,75.0,140.8,5.5
18.0,7.0,8.0,16.0,54.7,629.0,98.0,241.0,39.0,69.0,4.0,80.0,136.7,5.4
-18.0,5.0,2.0,22.0,37.0,404.0,99.0,367.0,43.0,76.0,4.0,57.14285714285714,138.0,5.5
-1.0,3.0,7.0,8.0,46.8,439.0,111.0,298.0,51.0,77.0,0.0,0.0,114.0,6.1
1.0,2.0,1.0,9.0,45.8,417.0,98.0,309.0,54.0,68.0,3.0,100.0,115.0,5.9
-3.0,2.0,1.0,15.0,35.2,549.0,74.0,320.0,32.0,54.0,3.0,60.0,107.7,4.9
3.0,5.0,6.0,20.0,56.5,293.0,115.0,188.0,39.0,55.0,1.0,50.0,106.6,5.4
1.0,9.0,3.0,8.0,41.5,412.0,105.0,335.0,30.0,59.0,5.0,45.45454545454545,107.3,6.1
-1.0,11.0,4.0,13.0,52.0,479.0,116.0,223.0,32.0,62.0,5.0,55.55555555555556,107.7,5.8
-1.0,12.0,9.0,24.0,60.2,789.0,182.0,300.0,56.0,95.0,0.0,0.0,148.0,6.5
1.0,0.0,4.0,9.0,32.5,375.0,87.0,445.0,54.0,69.0,11.0,91.66666666666666,142.0,6.3
